demoEmail,realEmail,firstName,lastName
emailfilterclass1+elina@gmail.com,ekleinerman@gmail.com,Elina,Bartal
emailfilterclass1+ofer@gmail.com,blueofer@gmail.com,Ofer,Bartal
emailfilterclass1+emma@gmail.com,emailfilterclass1emma@gmail.com,Emma,Testing
emailfilterclass1+keshia@gmail.com,keshiatheobald@gmail.com,Keshia,Theobald
emailfilterclass1+jose@gmail.com,theobaldvangent@gmail.com,Jose,Garcia
